full_name,player_id,season
LeBron James,2544,2025-26
Chris Paul,101108,2025-26
Kyle Lowry,200768,2025-26
Kevin Durant,201142,2025-26
Al Horford,201143,2025-26
Mike Conley,201144,2025-26
Jeff Green,201145,2025-26
Russell Westbrook,201566,2025-26
Kevin Love,201567,2025-26
Eric Gordon,201569,2025-26
Brook Lopez,201572,2025-26
Nicolas Batum,201587,2025-26
DeAndre Jordan,201599,2025-26
James Harden,201935,2025-26
James Harden,201935,2025-26
Stephen Curry,201939,2025-26
DeMar DeRozan,201942,2025-26
Jrue Holiday,201950,2025-26
Taj Gibson,201959,2025-26
Garrett Temple,202066,2025-26
Paul George,202331,2025-26
Jonas Valanciunas,202685,2025-26
Bismack Biyombo,202687,2025-26
Klay Thompson,202691,2025-26
Kawhi Leonard,202695,2025-26
Nikola Vučević,202696,2025-26
Nikola Vučević,202696,2025-26
Tobias Harris,202699,2025-26
Jimmy Butler III,202710,2025-26
Anthony Davis,203076,2025-26
Anthony Davis,203076,2025-26
Bradley Beal,203078,2025-26
Andre Drummond,203083,2025-26
Harrison Barnes,203084,2025-26
Draymond Green,203110,2025-26
Khris Middleton,203114,2025-26
Khris Middleton,203114,2025-26
CJ McCollum,203468,2025-26
CJ McCollum,203468,2025-26
Dennis Schröder,203471,2025-26
Dennis Schröder,203471,2025-26
Kelly Olynyk,203482,2025-26
Kentavious Caldwell-Pope,203484,2025-26
Mason Plumlee,203486,2025-26
Mason Plumlee,203486,2025-26
Rudy Gobert,203497,2025-26
Steven Adams,203500,2025-26
Tim Hardaway Jr.,203501,2025-26
Giannis Antetokounmpo,203507,2025-26
Seth Curry,203552,2025-26
Thanasis Antetokounmpo,203648,2025-26
Zach LaVine,203897,2025-26
Jordan Clarkson,203903,2025-26
Gary Harris,203914,2025-26
Jerami Grant,203924,2025-26
Doug McDermott,203926,2025-26
Aaron Gordon,203932,2025-26
Marcus Smart,203935,2025-26
Kyle Anderson,203937,2025-26
Kyle Anderson,203937,2025-26
Dwight Powell,203939,2025-26
Julius Randle,203944,2025-26
Andrew Wiggins,203952,2025-26
Joel Embiid,203954,2025-26
Dario Saric,203967,2025-26
Clint Capela,203991,2025-26
Bogdan Bogdanović,203992,2025-26
Jusuf Nurkić,203994,2025-26
Nikola Jokić,203999,2025-26
Kristaps Porziņģis,204001,2025-26
Kristaps Porziņģis,204001,2025-26
Joe Ingles,204060,2025-26
T.J. McConnell,204456,2025-26
Tyus Jones,1626145,2025-26
Tyus Jones,1626145,2025-26
D'Angelo Russell,1626156,2025-26
D'Angelo Russell,1626156,2025-26
Karl-Anthony Towns,1626157,2025-26
Kelly Oubre Jr.,1626162,2025-26
Devin Booker,1626164,2025-26
Cameron Payne,1626166,2025-26
Myles Turner,1626167,2025-26
Bobby Portis Jr.,1626171,2025-26
Kevon Looney,1626172,2025-26
Norman Powell,1626181,2025-26
Pat Connaughton,1626192,2025-26
Larry Nance Jr.,1626204,2025-26
Royce O'Neale,1626220,2025-26
Domantas Sabonis,1627734,2025-26
Kris Dunn,1627739,2025-26
Buddy Hield,1627741,2025-26
Buddy Hield,1627741,2025-26
Brandon Ingram,1627742,2025-26
Skal Labissiere,1627746,2025-26
Caris LeVert,1627747,2025-26
Dejounte Murray,1627749,2025-26
Jamal Murray,1627750,2025-26
Jakob Poeltl,1627751,2025-26
Taurean Prince,1627752,2025-26
Jaylen Brown,1627759,2025-26
Gary Payton II,1627780,2025-26
Pascal Siakam,1627783,2025-26
Guerschon Yabusele,1627824,2025-26
Guerschon Yabusele,1627824,2025-26
Ivica Zubac,1627826,2025-26
Ivica Zubac,1627826,2025-26
Dorian Finney-Smith,1627827,2025-26
Derrick Jones Jr.,1627884,2025-26
Alex Caruso,1627936,2025-26
Markelle Fultz,1628365,2025-26
Lonzo Ball,1628366,2025-26
De'Aaron Fox,1628368,2025-26
Jayson Tatum,1628369,2025-26
Malik Monk,1628370,2025-26
Jonathan Isaac,1628371,2025-26
Lauri Markkanen,1628374,2025-26
Donovan Mitchell,1628378,2025-26
Luke Kennard,1628379,2025-26
Luke Kennard,1628379,2025-26
Zach Collins,1628380,2025-26
John Collins,1628381,2025-26
OG Anunoby,1628384,2025-26
Jarrett Allen,1628386,2025-26
Bam Adebayo,1628389,2025-26
Isaiah Hartenstein,1628392,2025-26
Tony Bradley,1628396,2025-26
Tony Bradley,1628396,2025-26
Kyle Kuzma,1628398,2025-26
Derrick White,1628401,2025-26
Josh Hart,1628404,2025-26
Dillon Brooks,1628415,2025-26
Thomas Bryant,1628418,2025-26
Monte Morris,1628420,2025-26
Luke Kornet,1628436,2025-26
Chris Boucher,1628449,2025-26
Maxi Kleber,1628467,2025-26
Nigel Hayes-Davis,1628502,2025-26
Grayson Allen,1628960,2025-26
Marvin Bagley III,1628963,2025-26
Marvin Bagley III,1628963,2025-26
Mo Bamba,1628964,2025-26
Mo Bamba,1628964,2025-26
Mikal Bridges,1628969,2025-26
Miles Bridges,1628970,2025-26
Bruce Brown,1628971,2025-26
Jalen Brunson,1628973,2025-26
Jevon Carter,1628975,2025-26
Jevon Carter,1628975,2025-26
Wendell Carter Jr.,1628976,2025-26
Donte DiVincenzo,1628978,2025-26
Shai Gilgeous-Alexander,1628983,2025-26
Aaron Holiday,1628988,2025-26
Kevin Huerter,1628989,2025-26
Kevin Huerter,1628989,2025-26
Jaren Jackson Jr.,1628991,2025-26
Jaren Jackson Jr.,1628991,2025-26
Caleb Martin,1628997,2025-26
Cody Martin,1628998,2025-26
De'Anthony Melton,1629001,2025-26
Svi Mykhailiuk,1629004,2025-26
Josh Okogie,1629006,2025-26
Michael Porter Jr.,1629008,2025-26
Mitchell Robinson,1629011,2025-26
Collin Sexton,1629012,2025-26
Collin Sexton,1629012,2025-26
Landry Shamet,1629013,2025-26
Anfernee Simons,1629014,2025-26
Anfernee Simons,1629014,2025-26
Gary Trent Jr.,1629018,2025-26
Jarred Vanderbilt,1629020,2025-26
Moritz Wagner,1629021,2025-26
P.J. Washington,1629023,2025-26
Kenrich Williams,1629026,2025-26
Trae Young,1629027,2025-26
Trae Young,1629027,2025-26
Deandre Ayton,1629028,2025-26
Luka Dončić,1629029,2025-26
Goga Bitadze,1629048,2025-26
Robert Williams III,1629057,2025-26
Rui Hachimura,1629060,2025-26
Jock Landale,1629111,2025-26
Jock Landale,1629111,2025-26
Duncan Robinson,1629130,2025-26
Jordan McLaughlin,1629162,2025-26
Gabe Vincent,1629216,2025-26
Gabe Vincent,1629216,2025-26
Drew Eubanks,1629234,2025-26
Haywood Highsmith,1629312,2025-26
Amir Coffey,1629599,2025-26
Amir Coffey,1629599,2025-26
DaQuan Jeffries,1629610,2025-26
Terance Mann,1629611,2025-26
Andrew Nembhard,1629614,2025-26
Jalen Pickett,1629618,2025-26
Max Strus,1629622,2025-26
Zion Williamson,1629627,2025-26
RJ Barrett,1629628,2025-26
Ja Morant,1629630,2025-26
De'Andre Hunter,1629631,2025-26
De'Andre Hunter,1629631,2025-26
Coby White,1629632,2025-26
Coby White,1629632,2025-26
Brandon Clarke,1629634,2025-26
Darius Garland,1629636,2025-26
Darius Garland,1629636,2025-26
Jaxson Hayes,1629637,2025-26
Nickeil Alexander-Walker,1629638,2025-26
Tyler Herro,1629639,2025-26
Keldon Johnson,1629640,2025-26
Kevin Porter Jr.,1629645,2025-26
Charles Bassey,1629646,2025-26
Charles Bassey,1629646,2025-26
Nic Claxton,1629651,2025-26
Luguentz Dort,1629652,2025-26
Daniel Gafford,1629655,2025-26
Quentin Grimes,1629656,2025-26
Ty Jerome,1629660,2025-26
Cameron Johnson,1629661,2025-26
Jordan Poole,1629673,2025-26
Neemias Queta,1629674,2025-26
Naz Reid,1629675,2025-26
Matisse Thybulle,1629680,2025-26
Grant Williams,1629684,2025-26
John Konchar,1629723,2025-26
John Konchar,1629723,2025-26
Garrison Mathews,1629726,2025-26
Dean Wade,1629731,2025-26
Javonte Green,1629750,2025-26
Anthony Edwards,1630162,2025-26
LaMelo Ball,1630163,2025-26
James Wiseman,1630164,2025-26
Killian Hayes,1630165,2025-26
Deni Avdija,1630166,2025-26
Obi Toppin,1630167,2025-26
Onyeka Okongwu,1630168,2025-26
Devin Vassell,1630170,2025-26
Isaac Okoro,1630171,2025-26
Patrick Williams,1630172,2025-26
Precious Achiuwa,1630173,2025-26
Aaron Nesmith,1630174,2025-26
Cole Anthony,1630175,2025-26
Tyrese Maxey,1630178,2025-26
Saddiq Bey,1630180,2025-26
Josh Green,1630182,2025-26
Jaden McDaniels,1630183,2025-26
Jalen Smith,1630188,2025-26
Isaiah Stewart,1630191,2025-26
Zeke Nnaji,1630192,2025-26
Immanuel Quickley,1630193,2025-26
Paul Reed,1630194,2025-26
Isaiah Joe,1630198,2025-26
Tre Jones,1630200,2025-26
Payton Pritchard,1630202,2025-26
Nick Richards,1630208,2025-26
Nick Richards,1630208,2025-26
Omer Yurtseven,1630209,2025-26
Xavier Tillman,1630214,2025-26
Xavier Tillman,1630214,2025-26
Desmond Bane,1630217,2025-26
Jalen Green,1630224,2025-26
Jonathan Kuminga,1630228,2025-26
Jonathan Kuminga,1630228,2025-26
Naji Marshall,1630230,2025-26
Sam Merrill,1630241,2025-26
Ayo Dosunmu,1630245,2025-26
Ayo Dosunmu,1630245,2025-26
Vít Krejčí,1630249,2025-26
Vít Krejčí,1630249,2025-26
Jae'Sean Tate,1630256,2025-26
Anthony Gill,1630264,2025-26
Trevon Scott,1630286,2025-26
Pat Spencer,1630311,2025-26
Brandon Williams,1630314,2025-26
Lindy Waters III,1630322,2025-26
Jeremiah Robinson-Earl,1630526,2025-26
Jeremiah Robinson-Earl,1630526,2025-26
Herbert Jones,1630529,2025-26
Trey Murphy III,1630530,2025-26
Franz Wagner,1630532,2025-26
Ziaire Williams,1630533,2025-26
Ochai Agbaji,1630534,2025-26
Ochai Agbaji,1630534,2025-26
Sharife Cooper,1630536,2025-26
Bones Hyland,1630538,2025-26
Miles McBride,1630540,2025-26
Moses Moody,1630541,2025-26
Isaiah Jackson,1630543,2025-26
Isaiah Jackson,1630543,2025-26
Tre Mann,1630544,2025-26
Terrence Shannon Jr,1630545,2025-26
Johnny Juzang,1630548,2025-26
Day'Ron Sharpe,1630549,2025-26
Justin Champagnie,1630551,2025-26
Jalen Johnson,1630552,2025-26
Corey Kispert,1630557,2025-26
Corey Kispert,1630557,2025-26
Davion Mitchell,1630558,2025-26
Austin Reaves,1630559,2025-26
Cam Thomas,1630560,2025-26
Cam Thomas,1630560,2025-26
Scottie Barnes,1630567,2025-26
Luka Garza,1630568,2025-26
Trendon Watford,1630570,2025-26
Sandro Mamukelashvili,1630572,2025-26
Sam Hauser,1630573,2025-26
Ariel Hukporti,1630574,2025-26
Julian Champagnie,1630577,2025-26
Alperen Sengun,1630578,2025-26
Jericho Sims,1630579,2025-26
Josh Giddey,1630581,2025-26
Santi Aldama,1630583,2025-26
Isaiah Livers,1630587,2025-26
Scotty Pippen Jr.,1630590,2025-26
Jalen Suggs,1630591,2025-26
Jalen Wilson,1630592,2025-26
Cade Cunningham,1630595,2025-26
Evan Mobley,1630596,2025-26
Aaron Wiggins,1630598,2025-26
E.J. Liddell,1630604,2025-26
DeJon Jarreau,1630610,2025-26
Gui Santos,1630611,2025-26
Moussa Cisse,1630619,2025-26
Hunter Dickinson,1630621,2025-26
Tyson Etienne,1630623,2025-26
Dalano Banton,1630625,2025-26
Jose Alvarado,1630631,2025-26
Jose Alvarado,1630631,2025-26
A.J. Lawson,1630639,2025-26
Jay Huff,1630643,2025-26
Mac McClung,1630644,2025-26
Mac McClung,1630644,2025-26
Stanley Umude,1630649,2025-26
Colin Castleton,1630658,2025-26
Ethan Thompson,1630679,2025-26
Jordan Goodwin,1630692,2025-26
Micah Potter,1630695,2025-26
Dru Smith,1630696,2025-26
MarJon Beauchamp,1630699,2025-26
Dyson Daniels,1630700,2025-26
Jaden Hardy,1630702,2025-26
Jaden Hardy,1630702,2025-26
Scoot Henderson,1630703,2025-26
Keaton Wallace,1630811,2025-26
Alex Antetokounmpo,1630828,2025-26
Olivier Sarr,1630846,2025-26
Jaden Ivey,1631093,2025-26
Jaden Ivey,1631093,2025-26
Paolo Banchero,1631094,2025-26
Jabari Smith Jr.,1631095,2025-26
Chet Holmgren,1631096,2025-26
Bennedict Mathurin,1631097,2025-26
Bennedict Mathurin,1631097,2025-26
Keegan Murray,1631099,2025-26
Shaedon Sharpe,1631101,2025-26
TyTy Washington Jr.,1631102,2025-26
Malaki Branham,1631103,2025-26
Blake Wesley,1631104,2025-26
Jalen Duren,1631105,2025-26
Tari Eason,1631106,2025-26
Nikola Jović,1631107,2025-26
Max Christie,1631108,2025-26
Mark Williams,1631109,2025-26
Jeremy Sochan,1631110,2025-26
Jeremy Sochan,1631110,2025-26
Wendell Moore Jr.,1631111,2025-26
Kennedy Chandler,1631113,2025-26
Jalen Williams,1631114,2025-26
Orlando Robinson,1631115,2025-26
Patrick Baldwin Jr.,1631116,2025-26
Walker Kessler,1631117,2025-26
Jaylin Williams,1631119,2025-26
JD Davison,1631120,2025-26
Bryce McGowens,1631121,2025-26
Jamaree Bouyea,1631123,2025-26
Julian Strawther,1631124,2025-26
Caleb Love,1631126,2025-26
Harrison Ingram,1631127,2025-26
Christian Braun,1631128,2025-26
Oscar Tshiebwe,1631131,2025-26
Christian Koloko,1631132,2025-26
Christian Koloko,1631132,2025-26
Jabari Walker,1631133,2025-26
Ryan Rollins,1631157,2025-26
Leonard Miller,1631159,2025-26
Leonard Miller,1631159,2025-26
Keon Ellis,1631165,2025-26
Keon Ellis,1631165,2025-26
Drew Timme,1631166,2025-26
Josh Minott,1631169,2025-26
Josh Minott,1631169,2025-26
Jaime Jaquez Jr.,1631170,2025-26
Ousmane Dieng,1631172,2025-26
Ousmane Dieng,1631172,2025-26
Tyler Burton,1631174,2025-26
Ron Harper Jr.,1631199,2025-26
Kris Murray,1631200,2025-26
Marcus Sasser,1631204,2025-26
Buddy Boeheim,1631205,2025-26
Dalen Terry,1631207,2025-26
Dalen Terry,1631207,2025-26
Jacob Toppin,1631210,2025-26
Trevor Keels,1631211,2025-26
Peyton Watson,1631212,2025-26
Tyrese Martin,1631213,2025-26
Tyrese Martin,1631213,2025-26
Alondes Williams,1631214,2025-26
Caleb Houstan,1631216,2025-26
Moussa Diabaté,1631217,2025-26
Trayce Jackson-Davis,1631218,2025-26
Trayce Jackson-Davis,1631218,2025-26
Collin Gillespie,1631221,2025-26
Jake LaRavia,1631222,2025-26
David Roddy,1631223,2025-26
Dominick Barlow,1631230,2025-26
Mouhamed Gueye,1631243,2025-26
Quenton Jackson,1631245,2025-26
Vince Williams Jr.,1631246,2025-26
Vince Williams Jr.,1631246,2025-26
Luke Travers,1631247,2025-26
Baylor Scheierman,1631248,2025-26
Pete Nance,1631250,2025-26
Karlo Matković,1631255,2025-26
AJ Green,1631260,2025-26
Jamal Cain,1631288,2025-26
Sidy Cissoko,1631321,2025-26
Simone Fontecchio,1631323,2025-26
Mouhamadou Gueye,1631338,2025-26
Daeqwon Plowden,1631342,2025-26
Lucas Williamson,1631351,2025-26
Javonte Cooke,1631451,2025-26
Alex Morales,1631457,2025-26
Nate Williams,1631466,2025-26
Victor Wembanyama,1641705,2025-26
Brandon Miller,1641706,2025-26
Taylor Hendricks,1641707,2025-26
Taylor Hendricks,1641707,2025-26
Amen Thompson,1641708,2025-26
Ausar Thompson,1641709,2025-26
Anthony Black,1641710,2025-26
Gradey Dick,1641711,2025-26
Rayan Rupert,1641712,2025-26
Rayan Rupert,1641712,2025-26
GG Jackson,1641713,2025-26
Cam Whitmore,1641715,2025-26
Jarace Walker,1641716,2025-26
Cason Wallace,1641717,2025-26
Keyonte George,1641718,2025-26
Jordan Hawkins,1641722,2025-26
Kobe Bufkin,1641723,2025-26
Jett Howard,1641724,2025-26
Trey Alexander,1641725,2025-26
Dereck Lively II,1641726,2025-26
Dariq Whitehead,1641727,2025-26
Brice Sensabaugh,1641729,2025-26
Noah Clowney,1641730,2025-26
Bilal Coulibaly,1641731,2025-26
Colby Jones,1641732,2025-26
Nick Smith Jr.,1641733,2025-26
Adem Bona,1641737,2025-26
Kobe Brown,1641738,2025-26
Kobe Brown,1641738,2025-26
Toumani Camara,1641739,2025-26
Jaylen Clark,1641740,2025-26
Zach Edey,1641744,2025-26
DaRon Holmes II,1641747,2025-26
Andre Jackson Jr.,1641748,2025-26
Ryan Kalkbrenner,1641750,2025-26
Bobi Klintman,1641752,2025-26
Chris Livingston,1641753,2025-26
Kevin McCullar Jr.,1641755,2025-26
Jordan Miller,1641757,2025-26
Grant Nelson,1641761,2025-26
Julian Phillips,1641763,2025-26
Julian Phillips,1641763,2025-26
Brandin Podziemski,1641764,2025-26
Olivier-Maxence Prosper,1641765,2025-26
Ben Sheppard,1641767,2025-26
Jalen Slawson,1641771,2025-26
Nae'Qwan Tomlin,1641772,2025-26
Tristan Vukcevic,1641774,2025-26
Jordan Walsh,1641775,2025-26
Leaky Black,1641778,2025-26
Johni Broome,1641780,2025-26
Tristan da Silva,1641783,2025-26
Tosan Evbuomwan,1641787,2025-26
Tosan Evbuomwan,1641787,2025-26
PJ Hall,1641790,2025-26
Dillon Jones,1641794,2025-26
Pelle Larsson,1641796,2025-26
Emanuel Miller,1641801,2025-26
Emanuel Miller,1641801,2025-26
Tristen Newton,1641803,2025-26
Norchad Omier,1641807,2025-26
Drew Peterson,1641809,2025-26
Antonio Reeves,1641810,2025-26
Mark Sears,1641813,2025-26
Isaiah Stevens,1641815,2025-26
Hunter Tyson,1641816,2025-26
Matas Buzelis,1641824,2025-26
Ronald Holland II,1641842,2025-26
Craig Porter Jr.,1641854,2025-26
Malachi Smith,1641869,2025-26
Duop Reath,1641871,2025-26
Tyler Smith,1641890,2025-26
Elijah Harkless,1641989,2025-26
Trey Jemison III,1641998,2025-26
Myron Gardner,1642066,2025-26
Zaccharie Risacher,1642258,2025-26
Alex Sarr,1642259,2025-26
Nikola Topić,1642260,2025-26
Dalton Knecht,1642261,2025-26
Cody Williams,1642262,2025-26
Reed Sheppard,1642263,2025-26
Stephon Castle,1642264,2025-26
Rob Dillingham,1642265,2025-26
Rob Dillingham,1642265,2025-26
Ja'Kobe Walter,1642266,2025-26
Bub Carrington,1642267,2025-26
Isaiah Collier,1642268,2025-26
Devin Carter,1642269,2025-26
Donovan Clingan,1642270,2025-26
Kyle Filipowski,1642271,2025-26
Jared McCain,1642272,2025-26
Jared McCain,1642272,2025-26
Kyshawn George,1642273,2025-26
Yves Missi,1642274,2025-26
Tidjane Salaün,1642275,2025-26
Kel'el Ware,1642276,2025-26
Johnny Furphy,1642277,2025-26
Tyler Kolek,1642278,2025-26
Trentyn Flowers,1642280,2025-26
Jaylon Tyson,1642281,2025-26
Hunter Sallis,1642282,2025-26
Cam Spencer,1642285,2025-26
Oso Ighodaro,1642345,2025-26
Ryan Dunn,1642346,2025-26
Jamal Shead,1642347,2025-26
Justin Edwards,1642348,2025-26
Ajay Mitchell,1642349,2025-26
Keshad Johnson,1642352,2025-26
Cam Christie,1642353,2025-26
KJ Simpson,1642354,2025-26
KJ Simpson,1642354,2025-26
Bronny James,1642355,2025-26
David Jones Garcia,1642357,2025-26
AJ Johnson,1642358,2025-26
AJ Johnson,1642358,2025-26
Pacôme Dadiet,1642359,2025-26
Payton Sandfort,1642362,2025-26
Nique Clifford,1642363,2025-26
Jamir Watkins,1642364,2025-26
Quinten Post,1642366,2025-26
Jonathan Mogbo,1642367,2025-26
N'Faly Dante,1642368,2025-26
Jaylen Wells,1642377,2025-26
Adama Bal,1642380,2025-26
Branden Carlson,1642382,2025-26
Walter Clayton Jr.,1642383,2025-26
Walter Clayton Jr.,1642383,2025-26
Isaiah Crawford,1642384,2025-26
Zyon Pullin,1642389,2025-26
Blake Hinson,1642396,2025-26
Tristan Enaruna,1642400,2025-26
Enrique Freeman,1642402,2025-26
Isaac Jones,1642403,2025-26
Chaz Lanier,1642404,2025-26
Jamison Battle,1642419,2025-26
Riley Minix,1642434,2025-26
Riley Minix,1642434,2025-26
Jahmir Young,1642443,2025-26
Tolu Smith,1642449,2025-26
Daniss Jenkins,1642450,2025-26
Spencer Jones,1642461,2025-26
Darius Brown II,1642468,2025-26
RayJ Dennis,1642484,2025-26
Josh Oduro,1642490,2025-26
Malevy Leons,1642502,2025-26
Cormac Ryan,1642504,2025-26
Yuki Kawamura,1642530,2025-26
Cooper Flagg,1642843,2025-26
Dylan Harper,1642844,2025-26
VJ Edgecombe,1642845,2025-26
Ace Bailey,1642846,2025-26
Jeremiah Fears,1642847,2025-26
Tre Johnson,1642848,2025-26
Nolan Traore,1642849,2025-26
Kon Knueppel,1642851,2025-26
Derik Queen,1642852,2025-26
Rasheer Fleming,1642853,2025-26
Asa Newell,1642854,2025-26
Noa Essengue,1642855,2025-26
Egor Dëmin,1642856,2025-26
Kasparas Jakučionis,1642857,2025-26
Jase Richardson,1642859,2025-26
Will Riley,1642860,2025-26
Liam McNeeley,1642862,2025-26
Khaman Maluach,1642863,2025-26
Hugo González,1642864,2025-26
Joan Beringer,1642866,2025-26
Collin Murray-Boyles,1642867,2025-26
Carter Bryant,1642868,2025-26
Noah Penda,1642869,2025-26
Amari Williams,1642873,2025-26
Danny Wolf,1642874,2025-26
Maxime Raynaud,1642875,2025-26
Adou Thiero,1642876,2025-26
Micah Peavy,1642877,2025-26
Tyrese Proctor,1642878,2025-26
Ben Saraf,1642879,2025-26
Kam Jones,1642880,2025-26
Julian Reese,1642882,2025-26
Sion James,1642883,2025-26
Vladislav Goldin,1642884,2025-26
Mohamed Diawara,1642885,2025-26
Koby Brea,1642886,2025-26
Yang Hansen,1642905,2025-26
Cedric Coward,1642907,2025-26
John Tonje,1642910,2025-26
Rocco Zikarsky,1642911,2025-26
Javon Small,1642914,2025-26
Max Shulga,1642917,2025-26
Alijah Martin,1642918,2025-26
Kobe Sanders,1642920,2025-26
Dylan Cardwell,1642928,2025-26
Keshon Gilbert,1642933,2025-26
Chucky Hepburn,1642935,2025-26
Curtis Jones,1642938,2025-26
Miles Kelly,1642939,2025-26
Jahmai Mashack,1642942,2025-26
Ryan Nembhard,1642948,2025-26
Yanic Konan Niederhäuser,1642949,2025-26
Lachlan Olbrich,1642950,2025-26
Sean Pedulla,1642951,2025-26
Will Richard,1642954,2025-26
Kadary Richmond,1642955,2025-26
Chris Youngblood,1642959,2025-26
Chris Youngblood,1642959,2025-26
Drake Powell,1642962,2025-26
Brooks Barnhizer,1642964,2025-26
John Poulakidas,1642967,2025-26
Taelon Peter,1643007,2025-26
Bez Mbeng,1643016,2025-26
LJ Cryer,1643018,2025-26
Chris Mañon,1643024,2025-26
CJ Huntley,1643047,2025-26
Chaney Johnson,1643052,2025-26
Hayden Gray,1643060,2025-26
Lawson Lovering,1643133,2025-26
Jahmyl Telfort,1643141,2025-26
Andersson Garcia,1643158,2025-26
Toby Okani,1643253,2025-26
Jayson Kent,1643257,2025-26
